"Problem","File","Severity","Line","Column","Rule","Description","URL","Category","Engine"
"1","/Users/praveenrajr/Work/Salesforce/lwc-recipes/force-app/main/default/classes/AccountController.cls","3","1","27","ApexDoc","Missing ApexDoc comment","https://pmd.github.io/pmd-6.30.0/pmd_rules_apex_documentation.html#apexdoc","Documentation","pmd"
"2","/Users/praveenrajr/Work/Salesforce/lwc-recipes/force-app/main/default/classes/AccountController.cls","3","3","33","ApexDoc","Missing ApexDoc comment","https://pmd.github.io/pmd-6.30.0/pmd_rules_apex_documentation.html#apexdoc","Documentation","pmd"
"3","/Users/praveenrajr/Work/Salesforce/lwc-recipes/force-app/main/default/classes/AccountController.cls","3","8","27","ApexDoc","Missing ApexDoc comment","https://pmd.github.io/pmd-6.30.0/pmd_rules_apex_documentation.html#apexdoc","Documentation","pmd"
"4","/Users/praveenrajr/Work/Salesforce/lwc-recipes/force-app/main/default/classes/ApexTypesController.cls","3","1","27","ApexDoc","Missing ApexDoc comment","https://pmd.github.io/pmd-6.30.0/pmd_rules_apex_documentation.html#apexdoc","Documentation","pmd"
"5","/Users/praveenrajr/Work/Salesforce/lwc-recipes/force-app/main/default/classes/ApexTypesController.cls","3","3","26","ApexDoc","Missing ApexDoc comment","https://pmd.github.io/pmd-6.30.0/pmd_rules_apex_documentation.html#apexdoc","Documentation","pmd"
"6","/Users/praveenrajr/Work/Salesforce/lwc-recipes/force-app/main/default/classes/ApexTypesController.cls","3","6","16","DebugsShouldUseLoggingLevel","Calls to System.debug should specify a logging level.","https://pmd.github.io/pmd-6.30.0/pmd_rules_apex_bestpractices.html#debugsshoulduselogginglevel","Best Practices","pmd"
"7","/Users/praveenrajr/Work/Salesforce/lwc-recipes/force-app/main/default/classes/ContactController.cls","3","1","27","ApexDoc","Missing ApexDoc comment","https://pmd.github.io/pmd-6.30.0/pmd_rules_apex_documentation.html#apexdoc","Documentation","pmd"
"8","/Users/praveenrajr/Work/Salesforce/lwc-recipes/force-app/main/default/classes/ContactController.cls","3","3","33","ApexDoc","Missing ApexDoc comment","https://pmd.github.io/pmd-6.30.0/pmd_rules_apex_documentation.html#apexdoc","Documentation","pmd"
"9","/Users/praveenrajr/Work/Salesforce/lwc-recipes/force-app/main/default/classes/ContactController.cls","3","14","33","ApexDoc","Missing ApexDoc comment","https://pmd.github.io/pmd-6.30.0/pmd_rules_apex_documentation.html#apexdoc","Documentation","pmd"
"10","/Users/praveenrajr/Work/Salesforce/lwc-recipes/force-app/main/default/classes/ContactController.cls","3","26","27","ApexDoc","Missing ApexDoc comment","https://pmd.github.io/pmd-6.30.0/pmd_rules_apex_documentation.html#apexdoc","Documentation","pmd"
"11","/Users/praveenrajr/Work/Salesforce/lwc-recipes/force-app/main/default/classes/CustomWrapper.cls","3","1","27","ApexDoc","Missing ApexDoc comment","https://pmd.github.io/pmd-6.30.0/pmd_rules_apex_documentation.html#apexdoc","Documentation","pmd"
"12","/Users/praveenrajr/Work/Salesforce/lwc-recipes/force-app/main/default/classes/CustomWrapper.cls","3","5","24","ApexDoc","Missing ApexDoc comment","https://pmd.github.io/pmd-6.30.0/pmd_rules_apex_documentation.html#apexdoc","Documentation","pmd"
"13","/Users/praveenrajr/Work/Salesforce/lwc-recipes/force-app/main/default/classes/CustomWrapper.cls","3","7","23","ApexDoc","Missing ApexDoc comment","https://pmd.github.io/pmd-6.30.0/pmd_rules_apex_documentation.html#apexdoc","Documentation","pmd"
"14","/Users/praveenrajr/Work/Salesforce/lwc-recipes/force-app/main/default/classes/CustomWrapper.cls","3","11","20","ApexDoc","Missing ApexDoc comment","https://pmd.github.io/pmd-6.30.0/pmd_rules_apex_documentation.html#apexdoc","Documentation","pmd"
"15","/Users/praveenrajr/Work/Salesforce/lwc-recipes/force-app/main/default/classes/CustomWrapper.cls","3","13","19","ApexDoc","Missing ApexDoc comment","https://pmd.github.io/pmd-6.30.0/pmd_rules_apex_documentation.html#apexdoc","Documentation","pmd"
"16","/Users/praveenrajr/Work/Salesforce/lwc-recipes/force-app/main/default/classes/CustomWrapper.cls","3","15","31","ApexDoc","Missing ApexDoc comment","https://pmd.github.io/pmd-6.30.0/pmd_rules_apex_documentation.html#apexdoc","Documentation","pmd"
"17","/Users/praveenrajr/Work/Salesforce/lwc-recipes/force-app/main/default/classes/LMSVisualforceController.cls","3","1","27","ApexDoc","Missing ApexDoc comment","https://pmd.github.io/pmd-6.30.0/pmd_rules_apex_documentation.html#apexdoc","Documentation","pmd"
"18","/Users/praveenrajr/Work/Salesforce/lwc-recipes/force-app/main/default/classes/LMSVisualforceController.cls","3","3","20","ApexDoc","Missing ApexDoc comment","https://pmd.github.io/pmd-6.30.0/pmd_rules_apex_documentation.html#apexdoc","Documentation","pmd"
"19","/Users/praveenrajr/Work/Salesforce/lwc-recipes/force-app/main/default/classes/LMSVisualforceController.cls","3","5","12","ApexDoc","Missing ApexDoc comment","https://pmd.github.io/pmd-6.30.0/pmd_rules_apex_documentation.html#apexdoc","Documentation","pmd"
"20","/Users/praveenrajr/Work/Salesforce/lwc-recipes/force-app/main/default/classes/LMSVisualforceController.cls","3","9","26","ApexDoc","Missing ApexDoc comment","https://pmd.github.io/pmd-6.30.0/pmd_rules_apex_documentation.html#apexdoc","Documentation","pmd"
"21","/Users/praveenrajr/Work/Salesforce/lwc-recipes/force-app/main/default/classes/TestAccountController.cls","3","3","24","ApexDoc","Missing ApexDoc comment","https://pmd.github.io/pmd-6.30.0/pmd_rules_apex_documentation.html#apexdoc","Documentation","pmd"
"22","/Users/praveenrajr/Work/Salesforce/lwc-recipes/force-app/main/default/classes/TestAccountController.cls","3","21","16","ApexAssertionsShouldIncludeMessage","'System.assertEquals' should have 3 parameters.","https://pmd.github.io/pmd-6.30.0/pmd_rules_apex_bestpractices.html#apexassertionsshouldincludemessage","Best Practices","pmd"
"23","/Users/praveenrajr/Work/Salesforce/lwc-recipes/force-app/main/default/classes/TestAccountController.cls","3","32","16","ApexAssertionsShouldIncludeMessage","'System.assertEquals' should have 3 parameters.","https://pmd.github.io/pmd-6.30.0/pmd_rules_apex_bestpractices.html#apexassertionsshouldincludemessage","Best Practices","pmd"
"24","/Users/praveenrajr/Work/Salesforce/lwc-recipes/force-app/main/default/classes/TestContactController.cls","3","3","24","ApexDoc","Missing ApexDoc comment","https://pmd.github.io/pmd-6.30.0/pmd_rules_apex_documentation.html#apexdoc","Documentation","pmd"
"25","/Users/praveenrajr/Work/Salesforce/lwc-recipes/force-app/main/default/classes/TestLMSVisualforceController.cls","3","23","15","ApexDoc","Missing ApexDoc @description","https://pmd.github.io/pmd-6.30.0/pmd_rules_apex_documentation.html#apexdoc","Documentation","pmd"
"26","/Users/praveenrajr/work/salesforce/lwc-recipes/force-app/main/default/staticresources/moment.js","2","3","1","no-extra-semi","Unnecessary semicolon.","https://eslint.org/docs/rules/no-extra-semi","Possible Errors","eslint"
"27","/Users/praveenrajr/work/salesforce/lwc-recipes/force-app/main/default/staticresources/moment.js","2","5","37","no-undef","'define' is not defined.","https://eslint.org/docs/rules/no-undef","Variables","eslint"
"28","/Users/praveenrajr/work/salesforce/lwc-recipes/force-app/main/default/staticresources/moment.js","2","5","50","no-undef","'define' is not defined.","https://eslint.org/docs/rules/no-undef","Variables","eslint"
"29","/Users/praveenrajr/work/salesforce/lwc-recipes/force-app/main/default/staticresources/moment.js","2","37","25","no-prototype-builtins","Do not access Object.prototype method 'hasOwnProperty' from target object.","https://eslint.org/docs/rules/no-prototype-builtins","Possible Errors","eslint"
"30","/Users/praveenrajr/work/salesforce/lwc-recipes/force-app/main/default/staticresources/moment.js","2","546","34","no-useless-escape","Unnecessary escape character: \[.","https://eslint.org/docs/rules/no-useless-escape","Best Practices","eslint"
"31","/Users/praveenrajr/work/salesforce/lwc-recipes/force-app/main/default/staticresources/moment.js","2","548","39","no-useless-escape","Unnecessary escape character: \[.","https://eslint.org/docs/rules/no-useless-escape","Best Practices","eslint"
"32","/Users/praveenrajr/work/salesforce/lwc-recipes/force-app/main/default/staticresources/moment.js","2","658","127","no-useless-escape","Unnecessary escape character: \/.","https://eslint.org/docs/rules/no-useless-escape","Best Practices","eslint"
"33","/Users/praveenrajr/work/salesforce/lwc-recipes/force-app/main/default/staticresources/moment.js","2","663","74","no-unused-vars","'localeData' is defined but never used.","https://eslint.org/docs/rules/no-unused-vars","Variables","eslint"
"34","/Users/praveenrajr/work/salesforce/lwc-recipes/force-app/main/default/staticresources/moment.js","2","678","78","no-useless-escape","Unnecessary escape character: \[.","https://eslint.org/docs/rules/no-useless-escape","Best Practices","eslint"
"35","/Users/praveenrajr/work/salesforce/lwc-recipes/force-app/main/default/staticresources/moment.js","2","684","29","no-useless-escape","Unnecessary escape character: \/.","https://eslint.org/docs/rules/no-useless-escape","Best Practices","eslint"
"36","/Users/praveenrajr/work/salesforce/lwc-recipes/force-app/main/default/staticresources/moment.js","2","927","40","no-useless-escape","Unnecessary escape character: \[.","https://eslint.org/docs/rules/no-useless-escape","Best Practices","eslint"
"37","/Users/praveenrajr/work/salesforce/lwc-recipes/force-app/main/default/staticresources/moment.js","2","1724","56","no-unused-vars","'config' is defined but never used.","https://eslint.org/docs/rules/no-unused-vars","Variables","eslint"
"38","/Users/praveenrajr/work/salesforce/lwc-recipes/force-app/main/default/staticresources/moment.js","2","1750","50","no-unused-vars","'config' is defined but never used.","https://eslint.org/docs/rules/no-unused-vars","Variables","eslint"
"39","/Users/praveenrajr/work/salesforce/lwc-recipes/force-app/main/default/staticresources/moment.js","2","1755","52","no-unused-vars","'config' is defined but never used.","https://eslint.org/docs/rules/no-unused-vars","Variables","eslint"
"40","/Users/praveenrajr/work/salesforce/lwc-recipes/force-app/main/default/staticresources/moment.js","2","1855","25","no-empty","Empty block statement.","https://eslint.org/docs/rules/no-empty","Possible Errors","eslint"
"41","/Users/praveenrajr/work/salesforce/lwc-recipes/force-app/main/default/staticresources/moment.js","2","2178","143","no-useless-escape","Unnecessary escape character: \+.","https://eslint.org/docs/rules/no-useless-escape","Best Practices","eslint"
"42","/Users/praveenrajr/work/salesforce/lwc-recipes/force-app/main/default/staticresources/moment.js","2","2178","145","no-useless-escape","Unnecessary escape character: \-.","https://eslint.org/docs/rules/no-useless-escape","Best Practices","eslint"
"43","/Users/praveenrajr/work/salesforce/lwc-recipes/force-app/main/default/staticresources/moment.js","2","2179","135","no-useless-escape","Unnecessary escape character: \+.","https://eslint.org/docs/rules/no-useless-escape","Best Practices","eslint"
"44","/Users/praveenrajr/work/salesforce/lwc-recipes/force-app/main/default/staticresources/moment.js","2","2179","137","no-useless-escape","Unnecessary escape character: \-.","https://eslint.org/docs/rules/no-useless-escape","Best Practices","eslint"
"45","/Users/praveenrajr/work/salesforce/lwc-recipes/force-app/main/default/staticresources/moment.js","2","2211","39","no-useless-escape","Unnecessary escape character: \-.","https://eslint.org/docs/rules/no-useless-escape","Best Practices","eslint"
"46","/Users/praveenrajr/work/salesforce/lwc-recipes/force-app/main/default/staticresources/moment.js","2","2830","26","no-useless-escape","Unnecessary escape character: \+.","https://eslint.org/docs/rules/no-useless-escape","Best Practices","eslint"
"47","/Users/praveenrajr/work/salesforce/lwc-recipes/force-app/main/default/staticresources/moment.js","2","2830","28","no-useless-escape","Unnecessary escape character: \-.","https://eslint.org/docs/rules/no-useless-escape","Best Practices","eslint"
"48","/Users/praveenrajr/work/salesforce/lwc-recipes/force-app/main/default/staticresources/moment.js","2","3020","26","no-useless-escape","Unnecessary escape character: \-.","https://eslint.org/docs/rules/no-useless-escape","Best Practices","eslint"
"49","/Users/praveenrajr/work/salesforce/lwc-recipes/force-app/main/default/staticresources/moment.js","2","3020","52","no-useless-escape","Unnecessary escape character: \:.","https://eslint.org/docs/rules/no-useless-escape","Best Practices","eslint"
"50","/Users/praveenrajr/work/salesforce/lwc-recipes/force-app/main/default/staticresources/moment.js","2","3020","62","no-useless-escape","Unnecessary escape character: \:.","https://eslint.org/docs/rules/no-useless-escape","Best Practices","eslint"
"51","/Users/praveenrajr/work/salesforce/lwc-recipes/force-app/main/default/staticresources/moment.js","2","3048","20","no-extra-boolean-cast","Redundant double negation.","https://eslint.org/docs/rules/no-extra-boolean-cast","Possible Errors","eslint"
"52","/Users/praveenrajr/work/salesforce/lwc-recipes/force-app/main/default/staticresources/moment.js","2","3058","20","no-extra-boolean-cast","Redundant double negation.","https://eslint.org/docs/rules/no-extra-boolean-cast","Possible Errors","eslint"
"53","/Users/praveenrajr/work/salesforce/lwc-recipes/force-app/main/default/aura/lmsPublisherAuraComponent/lmsPublisherAuraComponentController.js","2","10","9","no-undef","'$A' is not defined.","https://eslint.org/docs/rules/no-undef","Variables","eslint"
"54","/Users/praveenrajr/work/salesforce/lwc-recipes/force-app/main/default/lwc/apexImperativeMethod/apexImperativeMethod.js","2","5","13","files-must-compile","Parsing error: Unexpected token ;",,"Scanner Internal","eslint"
"55","/Users/praveenrajr/work/salesforce/lwc-recipes/force-app/main/default/lwc/apexImperativeMethodWithComplexParams/apexImperativeMethodWithComplexParams.js","2","5","19","files-must-compile","Parsing error: Unexpected token =",,"Scanner Internal","eslint"
"56","/Users/praveenrajr/work/salesforce/lwc-recipes/force-app/main/default/lwc/apexImperativeMethodWithParams/apexImperativeMethodWithParams.js","2","5","15","files-must-compile","Parsing error: Unexpected token =",,"Scanner Internal","eslint"
"57","/Users/praveenrajr/work/salesforce/lwc-recipes/force-app/main/default/lwc/apexStaticSchema/apexStaticSchema.js","2","10","5","files-must-compile","Parsing error: Unexpected character '@'",,"Scanner Internal","eslint"
"58","/Users/praveenrajr/work/salesforce/lwc-recipes/force-app/main/default/lwc/apexWireMethodToFunction/apexWireMethodToFunction.js","2","5","13","files-must-compile","Parsing error: Unexpected token ;",,"Scanner Internal","eslint"
"59","/Users/praveenrajr/work/salesforce/lwc-recipes/force-app/main/default/lwc/apexWireMethodToProperty/apexWireMethodToProperty.js","2","5","5","files-must-compile","Parsing error: Unexpected character '@'",,"Scanner Internal","eslint"
"60","/Users/praveenrajr/work/salesforce/lwc-recipes/force-app/main/default/lwc/apexWireMethodWithComplexParams/apexWireMethodWithComplexParams.js","2","5","19","files-must-compile","Parsing error: Unexpected token =",,"Scanner Internal","eslint"
"61","/Users/praveenrajr/work/salesforce/lwc-recipes/force-app/main/default/lwc/apexWireMethodWithParams/apexWireMethodWithParams.js","2","8","15","files-must-compile","Parsing error: Unexpected token =",,"Scanner Internal","eslint"
"62","/Users/praveenrajr/work/salesforce/lwc-recipes/force-app/main/default/lwc/apiProperty/apiProperty.js","2","4","16","files-must-compile","Parsing error: Unexpected token =",,"Scanner Internal","eslint"
"63","/Users/praveenrajr/work/salesforce/lwc-recipes/force-app/main/default/lwc/apiSetterGetter/apiSetterGetter.js","2","4","16","files-must-compile","Parsing error: Unexpected token =",,"Scanner Internal","eslint"
"64","/Users/praveenrajr/work/salesforce/lwc-recipes/force-app/main/default/lwc/chartBar/chartBar.js","2","4","5","files-must-compile","Parsing error: Unexpected character '@'",,"Scanner Internal","eslint"
"65","/Users/praveenrajr/work/salesforce/lwc-recipes/force-app/main/default/lwc/clock/clock.js","2","4","15","files-must-compile","Parsing error: Unexpected token =",,"Scanner Internal","eslint"
"66","/Users/praveenrajr/work/salesforce/lwc-recipes/force-app/main/default/lwc/compositionBasics/compositionBasics.js","2","4","13","files-must-compile","Parsing error: Unexpected token =",,"Scanner Internal","eslint"
"67","/Users/praveenrajr/work/salesforce/lwc-recipes/force-app/main/default/lwc/compositionContactSearch/compositionContactSearch.js","2","8","13","files-must-compile","Parsing error: Unexpected token ;",,"Scanner Internal","eslint"
"68","/Users/praveenrajr/work/salesforce/lwc-recipes/force-app/main/default/lwc/compositionIteration/compositionIteration.js","2","4","14","files-must-compile","Parsing error: Unexpected token =",,"Scanner Internal","eslint"
"69","/Users/praveenrajr/work/salesforce/lwc-recipes/force-app/main/default/lwc/compositionWithAppBuilder/compositionWithAppBuilder.js","2","4","5","files-must-compile","Parsing error: Unexpected character '@'",,"Scanner Internal","eslint"
"70","/Users/praveenrajr/work/salesforce/lwc-recipes/force-app/main/default/lwc/contactList/contactList.js","2","5","5","files-must-compile","Parsing error: Unexpected character '@'",,"Scanner Internal","eslint"
"71","/Users/praveenrajr/work/salesforce/lwc-recipes/force-app/main/default/lwc/contactListItem/contactListItem.js","2","4","5","files-must-compile","Parsing error: Unexpected character '@'",,"Scanner Internal","eslint"
"72","/Users/praveenrajr/work/salesforce/lwc-recipes/force-app/main/default/lwc/contactListItemBubbling/contactListItemBubbling.js","2","4","5","files-must-compile","Parsing error: Unexpected character '@'",,"Scanner Internal","eslint"
"73","/Users/praveenrajr/work/salesforce/lwc-recipes/force-app/main/default/lwc/contactTile/contactTile.js","2","4","5","files-must-compile","Parsing error: Unexpected character '@'",,"Scanner Internal","eslint"
"74","/Users/praveenrajr/work/salesforce/lwc-recipes/force-app/main/default/lwc/errorPanel/errorPanel.js","2","8","5","files-must-compile","Parsing error: Unexpected character '@'",,"Scanner Internal","eslint"
"75","/Users/praveenrajr/work/salesforce/lwc-recipes/force-app/main/default/lwc/eventBubbling/eventBubbling.js","2","5","20","files-must-compile","Parsing error: Unexpected token ;",,"Scanner Internal","eslint"
"76","/Users/praveenrajr/work/salesforce/lwc-recipes/force-app/main/default/lwc/eventSimple/eventSimple.js","2","4","10","files-must-compile","Parsing error: Unexpected token =",,"Scanner Internal","eslint"
"77","/Users/praveenrajr/work/salesforce/lwc-recipes/force-app/main/default/lwc/eventWithData/eventWithData.js","2","5","20","files-must-compile","Parsing error: Unexpected token ;",,"Scanner Internal","eslint"
"78","/Users/praveenrajr/work/salesforce/lwc-recipes/force-app/main/default/lwc/hello/hello.js","2","4","14","files-must-compile","Parsing error: Unexpected token =",,"Scanner Internal","eslint"
"79","/Users/praveenrajr/work/salesforce/lwc-recipes/force-app/main/default/lwc/helloBinding/helloBinding.js","2","4","14","files-must-compile","Parsing error: Unexpected token =",,"Scanner Internal","eslint"
"80","/Users/praveenrajr/work/salesforce/lwc-recipes/force-app/main/default/lwc/helloConditionalRendering/helloConditionalRendering.js","2","4","23","files-must-compile","Parsing error: Unexpected token =",,"Scanner Internal","eslint"
"81","/Users/praveenrajr/work/salesforce/lwc-recipes/force-app/main/default/lwc/helloExpressions/helloExpressions.js","2","4","15","files-must-compile","Parsing error: Unexpected token =",,"Scanner Internal","eslint"
"82","/Users/praveenrajr/work/salesforce/lwc-recipes/force-app/main/default/lwc/helloForEach/helloForEach.js","2","4","14","files-must-compile","Parsing error: Unexpected token =",,"Scanner Internal","eslint"
"83","/Users/praveenrajr/work/salesforce/lwc-recipes/force-app/main/default/lwc/helloIterator/helloIterator.js","2","4","14","files-must-compile","Parsing error: Unexpected token =",,"Scanner Internal","eslint"
"84","/Users/praveenrajr/work/salesforce/lwc-recipes/force-app/main/default/lwc/lds/lds.js","2","6","5","files-must-compile","Parsing error: Unexpected character '@'",,"Scanner Internal","eslint"
"85","/Users/praveenrajr/work/salesforce/lwc-recipes/force-app/main/default/lwc/ldsCreateRecord/ldsCreateRecord.js","2","9","14","files-must-compile","Parsing error: Unexpected token ;",,"Scanner Internal","eslint"
"86","/Users/praveenrajr/work/salesforce/lwc-recipes/force-app/main/default/lwc/ldsDeleteRecord/ldsDeleteRecord.js","2","9","13","files-must-compile","Parsing error: Unexpected token ;",,"Scanner Internal","eslint"
"87","/Users/praveenrajr/work/salesforce/lwc-recipes/force-app/main/default/lwc/ldsGenerateRecordInputForCreate/ldsGenerateRecordInputForCreate.js","2","14","15","files-must-compile","Parsing error: Unexpected token ;",,"Scanner Internal","eslint"
"88","/Users/praveenrajr/work/salesforce/lwc-recipes/force-app/main/default/lwc/libsChartjs/libsChartjs.js","2","10","10","files-must-compile","Parsing error: Unexpected token ;",,"Scanner Internal","eslint"
"89","/Users/praveenrajr/work/salesforce/lwc-recipes/force-app/main/default/lwc/libsD3/libsD3.js","2","9","14","files-must-compile","Parsing error: Unexpected token =",,"Scanner Internal","eslint"
"90","/Users/praveenrajr/work/salesforce/lwc-recipes/force-app/main/default/lwc/libsMomentjs/libsMomentjs.js","2","7","10","files-must-compile","Parsing error: Unexpected token ;",,"Scanner Internal","eslint"
"91","/Users/praveenrajr/work/salesforce/lwc-recipes/force-app/main/default/lwc/lmsPublisherWebComponent/lmsPublisherWebComponent.js","2","9","5","files-must-compile","Parsing error: Unexpected character '@'",,"Scanner Internal","eslint"
"92","/Users/praveenrajr/work/salesforce/lwc-recipes/force-app/main/default/lwc/lmsSubscriberWebComponent/lmsSubscriberWebComponent.js","2","25","18","files-must-compile","Parsing error: Unexpected token =",,"Scanner Internal","eslint"
"93","/Users/praveenrajr/work/salesforce/lwc-recipes/force-app/main/default/lwc/miscContentAsset/miscContentAsset.js","2","6","20","files-must-compile","Parsing error: Unexpected token =",,"Scanner Internal","eslint"
"94","/Users/praveenrajr/work/salesforce/lwc-recipes/force-app/main/default/lwc/miscDomQuery/miscDomQuery.js","2","4","14","files-must-compile","Parsing error: Unexpected token ;",,"Scanner Internal","eslint"
"95","/Users/praveenrajr/work/salesforce/lwc-recipes/force-app/main/default/lwc/miscGetUserId/miscGetUserId.js","2","5","12","files-must-compile","Parsing error: Unexpected token =",,"Scanner Internal","eslint"
"96","/Users/praveenrajr/work/salesforce/lwc-recipes/force-app/main/default/lwc/miscModal/miscModal.js","2","4","13","files-must-compile","Parsing error: Unexpected token =",,"Scanner Internal","eslint"
"97","/Users/praveenrajr/work/salesforce/lwc-recipes/force-app/main/default/lwc/miscMultipleTemplates/miscMultipleTemplates.js","2","9","21","files-must-compile","Parsing error: Unexpected token =",,"Scanner Internal","eslint"
"98","/Users/praveenrajr/work/salesforce/lwc-recipes/force-app/main/default/lwc/miscNotification/miscNotification.js","2","5","15","files-must-compile","Parsing error: Unexpected token =",,"Scanner Internal","eslint"
"99","/Users/praveenrajr/work/salesforce/lwc-recipes/force-app/main/default/lwc/miscRestApiCall/miscRestApiCall.js","2","8","15","files-must-compile","Parsing error: Unexpected token =",,"Scanner Internal","eslint"
"100","/Users/praveenrajr/work/salesforce/lwc-recipes/force-app/main/default/lwc/miscSharedJavaScript/miscSharedJavaScript.js","2","5","15","files-must-compile","Parsing error: Unexpected token =",,"Scanner Internal","eslint"
"101","/Users/praveenrajr/work/salesforce/lwc-recipes/force-app/main/default/lwc/miscStaticResource/miscStaticResource.js","2","7","22","files-must-compile","Parsing error: Unexpected token =",,"Scanner Internal","eslint"
"102","/Users/praveenrajr/work/salesforce/lwc-recipes/force-app/main/default/lwc/modal/modal.js","2","6","15","files-must-compile","Parsing error: Unexpected token =",,"Scanner Internal","eslint"
"103","/Users/praveenrajr/work/salesforce/lwc-recipes/force-app/main/default/lwc/navToRecord/navToRecord.js","2","6","5","files-must-compile","Parsing error: Unexpected character '@'",,"Scanner Internal","eslint"
"104","/Users/praveenrajr/work/salesforce/lwc-recipes/force-app/main/default/lwc/navToRelatedList/navToRelatedList.js","2","8","5","files-must-compile","Parsing error: Unexpected character '@'",,"Scanner Internal","eslint"
"105","/Users/praveenrajr/work/salesforce/lwc-recipes/force-app/main/default/lwc/recordEditFormDynamicContact/recordEditFormDynamicContact.js","2","4","5","files-must-compile","Parsing error: Unexpected character '@'",,"Scanner Internal","eslint"
"106","/Users/praveenrajr/work/salesforce/lwc-recipes/force-app/main/default/lwc/recordEditFormStaticContact/recordEditFormStaticContact.js","2","11","18","files-must-compile","Parsing error: Unexpected token =",,"Scanner Internal","eslint"
"107","/Users/praveenrajr/work/salesforce/lwc-recipes/force-app/main/default/lwc/recordFormDynamicContact/recordFormDynamicContact.js","2","5","5","files-must-compile","Parsing error: Unexpected character '@'",,"Scanner Internal","eslint"
"108","/Users/praveenrajr/work/salesforce/lwc-recipes/force-app/main/default/lwc/recordFormStaticContact/recordFormStaticContact.js","2","11","5","files-must-compile","Parsing error: Unexpected character '@'",,"Scanner Internal","eslint"
"109","/Users/praveenrajr/work/salesforce/lwc-recipes/force-app/main/default/lwc/recordViewFormDynamicContact/recordViewFormDynamicContact.js","2","5","5","files-must-compile","Parsing error: Unexpected character '@'",,"Scanner Internal","eslint"
"110","/Users/praveenrajr/work/salesforce/lwc-recipes/force-app/main/default/lwc/recordViewFormStaticContact/recordViewFormStaticContact.js","2","11","18","files-must-compile","Parsing error: Unexpected token =",,"Scanner Internal","eslint"
"111","/Users/praveenrajr/work/salesforce/lwc-recipes/force-app/main/default/lwc/todoList/todoList.js","2","8","19","files-must-compile","Parsing error: Unexpected token =",,"Scanner Internal","eslint"
"112","/Users/praveenrajr/work/salesforce/lwc-recipes/force-app/main/default/lwc/viewSource/viewSource.js","2","4","13","files-must-compile","Parsing error: Unexpected token =",,"Scanner Internal","eslint"
"113","/Users/praveenrajr/work/salesforce/lwc-recipes/force-app/main/default/lwc/wireCurrentPageReference/wireCurrentPageReference.js","2","5","5","files-must-compile","Parsing error: Unexpected character '@'",,"Scanner Internal","eslint"
"114","/Users/praveenrajr/work/salesforce/lwc-recipes/force-app/main/default/lwc/wireGetObjectInfo/wireGetObjectInfo.js","2","5","18","files-must-compile","Parsing error: Unexpected token ;",,"Scanner Internal","eslint"
"115","/Users/praveenrajr/work/salesforce/lwc-recipes/force-app/main/default/lwc/wireGetPicklistValues/wireGetPicklistValues.js","2","6","5","files-must-compile","Parsing error: Unexpected character '@'",,"Scanner Internal","eslint"
"116","/Users/praveenrajr/work/salesforce/lwc-recipes/force-app/main/default/lwc/wireGetPicklistValuesByRecordType/wireGetPicklistValuesByRecordType.js","2","6","14","files-must-compile","Parsing error: Unexpected token ;",,"Scanner Internal","eslint"
"117","/Users/praveenrajr/work/salesforce/lwc-recipes/force-app/main/default/lwc/wireGetRecordDynamicContact/wireGetRecordDynamicContact.js","2","12","5","files-must-compile","Parsing error: Unexpected character '@'",,"Scanner Internal","eslint"
"118","/Users/praveenrajr/work/salesforce/lwc-recipes/force-app/main/default/lwc/wireGetRecordStaticContact/wireGetRecordStaticContact.js","2","12","5","files-must-compile","Parsing error: Unexpected character '@'",,"Scanner Internal","eslint"
"119","/Users/praveenrajr/work/salesforce/lwc-recipes/force-app/main/default/lwc/wireGetRecordUser/wireGetRecordUser.js","2","10","12","files-must-compile","Parsing error: Unexpected token =",,"Scanner Internal","eslint"
"120","/Users/praveenrajr/work/salesforce/lwc-recipes/force-app/main/default/lwc/wireListView/wireListView.js","2","8","5","files-must-compile","Parsing error: Unexpected character '@'",,"Scanner Internal","eslint"
"121","/Users/praveenrajr/work/salesforce/lwc-recipes/force-app/main/default/staticresources/chartJs/Chart.js","2","8","145","no-empty","Empty block statement.","https://eslint.org/docs/rules/no-empty","Possible Errors","eslint"
"122","/Users/praveenrajr/work/salesforce/lwc-recipes/force-app/main/default/staticresources/chartJs/Chart.js","2","9","33","no-undef","'define' is not defined.","https://eslint.org/docs/rules/no-undef","Variables","eslint"
"123","/Users/praveenrajr/work/salesforce/lwc-recipes/force-app/main/default/staticresources/chartJs/Chart.js","2","9","46","no-undef","'define' is not defined.","https://eslint.org/docs/rules/no-undef","Variables","eslint"
"124","/Users/praveenrajr/work/salesforce/lwc-recipes/force-app/main/default/staticresources/chartJs/Chart.js","2","9","157","no-empty","Empty block statement.","https://eslint.org/docs/rules/no-empty","Possible Errors","eslint"
"125","/Users/praveenrajr/work/salesforce/lwc-recipes/force-app/main/default/staticresources/chartJs/Chart.js","2","13","27","no-prototype-builtins","Do not access Object.prototype method 'hasOwnProperty' from target object.","https://eslint.org/docs/rules/no-prototype-builtins","Possible Errors","eslint"
"126","/Users/praveenrajr/work/salesforce/lwc-recipes/force-app/main/default/staticresources/chartJs/Chart.js","2","184","16","no-prototype-builtins","Do not access Object.prototype method 'hasOwnProperty' from target object.","https://eslint.org/docs/rules/no-prototype-builtins","Possible Errors","eslint"
"127","/Users/praveenrajr/work/salesforce/lwc-recipes/force-app/main/default/staticresources/chartJs/Chart.js","2","209","14","no-prototype-builtins","Do not access Object.prototype method 'hasOwnProperty' from target object.","https://eslint.org/docs/rules/no-prototype-builtins","Possible Errors","eslint"
"128","/Users/praveenrajr/work/salesforce/lwc-recipes/force-app/main/default/staticresources/chartJs/Chart.js","2","366","17","no-prototype-builtins","Do not access Object.prototype method 'hasOwnProperty' from target object.","https://eslint.org/docs/rules/no-prototype-builtins","Possible Errors","eslint"
"129","/Users/praveenrajr/work/salesforce/lwc-recipes/force-app/main/default/staticresources/chartJs/Chart.js","2","1044","5","no-unused-vars","'conversions_1' is assigned a value but never used.","https://eslint.org/docs/rules/no-unused-vars","Variables","eslint"
"130","/Users/praveenrajr/work/salesforce/lwc-recipes/force-app/main/default/staticresources/chartJs/Chart.js","2","1045","5","no-unused-vars","'conversions_2' is assigned a value but never used.","https://eslint.org/docs/rules/no-unused-vars","Variables","eslint"
"131","/Users/praveenrajr/work/salesforce/lwc-recipes/force-app/main/default/staticresources/chartJs/Chart.js","2","1046","5","no-unused-vars","'conversions_3' is assigned a value but never used.","https://eslint.org/docs/rules/no-unused-vars","Variables","eslint"
"132","/Users/praveenrajr/work/salesforce/lwc-recipes/force-app/main/default/staticresources/chartJs/Chart.js","2","1047","5","no-unused-vars","'conversions_4' is assigned a value but never used.","https://eslint.org/docs/rules/no-unused-vars","Variables","eslint"
"133","/Users/praveenrajr/work/salesforce/lwc-recipes/force-app/main/default/staticresources/chartJs/Chart.js","2","1048","5","no-unused-vars","'conversions_5' is assigned a value but never used.","https://eslint.org/docs/rules/no-unused-vars","Variables","eslint"
"134","/Users/praveenrajr/work/salesforce/lwc-recipes/force-app/main/default/staticresources/chartJs/Chart.js","2","1049","5","no-unused-vars","'conversions_6' is assigned a value but never used.","https://eslint.org/docs/rules/no-unused-vars","Variables","eslint"
"135","/Users/praveenrajr/work/salesforce/lwc-recipes/force-app/main/default/staticresources/chartJs/Chart.js","2","1050","5","no-unused-vars","'conversions_7' is assigned a value but never used.","https://eslint.org/docs/rules/no-unused-vars","Variables","eslint"
"136","/Users/praveenrajr/work/salesforce/lwc-recipes/force-app/main/default/staticresources/chartJs/Chart.js","2","1051","5","no-unused-vars","'conversions_8' is assigned a value but never used.","https://eslint.org/docs/rules/no-unused-vars","Variables","eslint"
"137","/Users/praveenrajr/work/salesforce/lwc-recipes/force-app/main/default/staticresources/chartJs/Chart.js","2","1052","5","no-unused-vars","'conversions_9' is assigned a value but never used.","https://eslint.org/docs/rules/no-unused-vars","Variables","eslint"
"138","/Users/praveenrajr/work/salesforce/lwc-recipes/force-app/main/default/staticresources/chartJs/Chart.js","2","1053","5","no-unused-vars","'conversions_10' is assigned a value but never used.","https://eslint.org/docs/rules/no-unused-vars","Variables","eslint"
"139","/Users/praveenrajr/work/salesforce/lwc-recipes/force-app/main/default/staticresources/chartJs/Chart.js","2","1054","5","no-unused-vars","'conversions_11' is assigned a value but never used.","https://eslint.org/docs/rules/no-unused-vars","Variables","eslint"
"140","/Users/praveenrajr/work/salesforce/lwc-recipes/force-app/main/default/staticresources/chartJs/Chart.js","2","1055","5","no-unused-vars","'conversions_12' is assigned a value but never used.","https://eslint.org/docs/rules/no-unused-vars","Variables","eslint"
"141","/Users/praveenrajr/work/salesforce/lwc-recipes/force-app/main/default/staticresources/chartJs/Chart.js","2","1056","5","no-unused-vars","'conversions_13' is assigned a value but never used.","https://eslint.org/docs/rules/no-unused-vars","Variables","eslint"
"142","/Users/praveenrajr/work/salesforce/lwc-recipes/force-app/main/default/staticresources/chartJs/Chart.js","2","1057","5","no-unused-vars","'conversions_14' is assigned a value but never used.","https://eslint.org/docs/rules/no-unused-vars","Variables","eslint"
"143","/Users/praveenrajr/work/salesforce/lwc-recipes/force-app/main/default/staticresources/chartJs/Chart.js","2","1058","5","no-unused-vars","'conversions_15' is assigned a value but never used.","https://eslint.org/docs/rules/no-unused-vars","Variables","eslint"
"144","/Users/praveenrajr/work/salesforce/lwc-recipes/force-app/main/default/staticresources/chartJs/Chart.js","2","1410","90","no-useless-escape","Unnecessary escape character: \..","https://eslint.org/docs/rules/no-useless-escape","Best Practices","eslint"
"145","/Users/praveenrajr/work/salesforce/lwc-recipes/force-app/main/default/staticresources/chartJs/Chart.js","2","1411","35","no-useless-escape","Unnecessary escape character: \..","https://eslint.org/docs/rules/no-useless-escape","Best Practices","eslint"
"146","/Users/praveenrajr/work/salesforce/lwc-recipes/force-app/main/default/staticresources/chartJs/Chart.js","2","1411","40","no-useless-escape","Unnecessary escape character: \%.","https://eslint.org/docs/rules/no-useless-escape","Best Practices","eslint"
"147","/Users/praveenrajr/work/salesforce/lwc-recipes/force-app/main/default/staticresources/chartJs/Chart.js","2","1411","58","no-useless-escape","Unnecessary escape character: \..","https://eslint.org/docs/rules/no-useless-escape","Best Practices","eslint"
"148","/Users/praveenrajr/work/salesforce/lwc-recipes/force-app/main/default/staticresources/chartJs/Chart.js","2","1411","63","no-useless-escape","Unnecessary escape character: \%.","https://eslint.org/docs/rules/no-useless-escape","Best Practices","eslint"
"149","/Users/praveenrajr/work/salesforce/lwc-recipes/force-app/main/default/staticresources/chartJs/Chart.js","2","1411","81","no-useless-escape","Unnecessary escape character: \..","https://eslint.org/docs/rules/no-useless-escape","Best Practices","eslint"
"150","/Users/praveenrajr/work/salesforce/lwc-recipes/force-app/main/default/staticresources/chartJs/Chart.js","2","1411","86","no-useless-escape","Unnecessary escape character: \%.","https://eslint.org/docs/rules/no-useless-escape","Best Practices","eslint"
"151","/Users/praveenrajr/work/salesforce/lwc-recipes/force-app/main/default/staticresources/chartJs/Chart.js","2","1411","107","no-useless-escape","Unnecessary escape character: \..","https://eslint.org/docs/rules/no-useless-escape","Best Practices","eslint"
"152","/Users/praveenrajr/work/salesforce/lwc-recipes/force-app/main/default/staticresources/chartJs/Chart.js","2","1428","13","no-cond-assign","Expected a conditional expression and instead saw an assignment.","https://eslint.org/docs/rules/no-cond-assign","Possible Errors","eslint"
"153","/Users/praveenrajr/work/salesforce/lwc-recipes/force-app/main/default/staticresources/chartJs/Chart.js","2","1431","16","no-redeclare","'i' is already defined.","https://eslint.org/docs/rules/no-redeclare","Best Practices","eslint"
"154","/Users/praveenrajr/work/salesforce/lwc-recipes/force-app/main/default/staticresources/chartJs/Chart.js","2","1438","13","no-cond-assign","Expected a conditional expression and instead saw an assignment.","https://eslint.org/docs/rules/no-cond-assign","Possible Errors","eslint"
"155","/Users/praveenrajr/work/salesforce/lwc-recipes/force-app/main/default/staticresources/chartJs/Chart.js","2","1439","16","no-redeclare","'i' is already defined.","https://eslint.org/docs/rules/no-redeclare","Best Practices","eslint"
"156","/Users/praveenrajr/work/salesforce/lwc-recipes/force-app/main/default/staticresources/chartJs/Chart.js","2","1444","13","no-cond-assign","Expected a conditional expression and instead saw an assignment.","https://eslint.org/docs/rules/no-cond-assign","Possible Errors","eslint"
"157","/Users/praveenrajr/work/salesforce/lwc-recipes/force-app/main/default/staticresources/chartJs/Chart.js","2","1445","16","no-redeclare","'i' is already defined.","https://eslint.org/docs/rules/no-redeclare","Best Practices","eslint"
"158","/Users/praveenrajr/work/salesforce/lwc-recipes/force-app/main/default/staticresources/chartJs/Chart.js","2","1450","13","no-cond-assign","Expected a conditional expression and instead saw an assignment.","https://eslint.org/docs/rules/no-cond-assign","Possible Errors","eslint"
"159","/Users/praveenrajr/work/salesforce/lwc-recipes/force-app/main/default/staticresources/chartJs/Chart.js","2","1460","13","no-redeclare","'i' is already defined.","https://eslint.org/docs/rules/no-redeclare","Best Practices","eslint"
"160","/Users/praveenrajr/work/salesforce/lwc-recipes/force-app/main/default/staticresources/chartJs/Chart.js","2","1477","60","no-useless-escape","Unnecessary escape character: \..","https://eslint.org/docs/rules/no-useless-escape","Best Practices","eslint"
"161","/Users/praveenrajr/work/salesforce/lwc-recipes/force-app/main/default/staticresources/chartJs/Chart.js","2","1477","82","no-useless-escape","Unnecessary escape character: \..","https://eslint.org/docs/rules/no-useless-escape","Best Practices","eslint"
"162","/Users/praveenrajr/work/salesforce/lwc-recipes/force-app/main/default/staticresources/chartJs/Chart.js","2","1477","107","no-useless-escape","Unnecessary escape character: \..","https://eslint.org/docs/rules/no-useless-escape","Best Practices","eslint"
"163","/Users/praveenrajr/work/salesforce/lwc-recipes/force-app/main/default/staticresources/chartJs/Chart.js","2","1493","58","no-useless-escape","Unnecessary escape character: \..","https://eslint.org/docs/rules/no-useless-escape","Best Practices","eslint"
"164","/Users/praveenrajr/work/salesforce/lwc-recipes/force-app/main/default/staticresources/chartJs/Chart.js","2","1493","80","no-useless-escape","Unnecessary escape character: \..","https://eslint.org/docs/rules/no-useless-escape","Best Practices","eslint"
"165","/Users/praveenrajr/work/salesforce/lwc-recipes/force-app/main/default/staticresources/chartJs/Chart.js","2","1493","105","no-useless-escape","Unnecessary escape character: \..","https://eslint.org/docs/rules/no-useless-escape","Best Practices","eslint"
"166","/Users/praveenrajr/work/salesforce/lwc-recipes/force-app/main/default/staticresources/chartJs/Chart.js","2","1520","13","no-cond-assign","Expected a conditional expression and instead saw an assignment.","https://eslint.org/docs/rules/no-cond-assign","Possible Errors","eslint"
"167","/Users/praveenrajr/work/salesforce/lwc-recipes/force-app/main/default/staticresources/chartJs/Chart.js","2","1523","13","no-cond-assign","Expected a conditional expression and instead saw an assignment.","https://eslint.org/docs/rules/no-cond-assign","Possible Errors","eslint"
"168","/Users/praveenrajr/work/salesforce/lwc-recipes/force-app/main/default/staticresources/chartJs/Chart.js","2","1530","8","no-redeclare","'a' is already defined.","https://eslint.org/docs/rules/no-redeclare","Best Practices","eslint"
"169","/Users/praveenrajr/work/salesforce/lwc-recipes/force-app/main/default/staticresources/chartJs/Chart.js","2","1648","14","no-cond-assign","Expected a conditional expression and instead saw an assignment.","https://eslint.org/docs/rules/no-cond-assign","Possible Errors","eslint"
"170","/Users/praveenrajr/work/salesforce/lwc-recipes/force-app/main/default/staticresources/chartJs/Chart.js","2","1650","14","no-cond-assign","Expected a conditional expression and instead saw an assignment.","https://eslint.org/docs/rules/no-cond-assign","Possible Errors","eslint"
"171","/Users/praveenrajr/work/salesforce/lwc-recipes/force-app/main/default/staticresources/chartJs/Chart.js","2","1960","15","no-prototype-builtins","Do not access Object.prototype method 'hasOwnProperty' from target object.","https://eslint.org/docs/rules/no-prototype-builtins","Possible Errors","eslint"
"172","/Users/praveenrajr/work/salesforce/lwc-recipes/force-app/main/default/staticresources/chartJs/Chart.js","2","2322","22","no-prototype-builtins","Do not access Object.prototype method 'hasOwnProperty' from target object.","https://eslint.org/docs/rules/no-prototype-builtins","Possible Errors","eslint"
"173","/Users/praveenrajr/work/salesforce/lwc-recipes/force-app/main/default/staticresources/chartJs/Chart.js","2","2394","48","no-prototype-builtins","Do not access Object.prototype method 'hasOwnProperty' from target object.","https://eslint.org/docs/rules/no-prototype-builtins","Possible Errors","eslint"
"174","/Users/praveenrajr/work/salesforce/lwc-recipes/force-app/main/default/staticresources/chartJs/Chart.js","2","3282","13","no-prototype-builtins","Do not access Object.prototype method 'hasOwnProperty' from target object.","https://eslint.org/docs/rules/no-prototype-builtins","Possible Errors","eslint"
"175","/Users/praveenrajr/work/salesforce/lwc-recipes/force-app/main/default/staticresources/chartJs/Chart.js","2","3292","14","no-prototype-builtins","Do not access Object.prototype method 'hasOwnProperty' from target object.","https://eslint.org/docs/rules/no-prototype-builtins","Possible Errors","eslint"
"176","/Users/praveenrajr/work/salesforce/lwc-recipes/force-app/main/default/staticresources/chartJs/Chart.js","2","7265","16","no-prototype-builtins","Do not access Object.prototype method 'hasOwnProperty' from target object.","https://eslint.org/docs/rules/no-prototype-builtins","Possible Errors","eslint"
"177","/Users/praveenrajr/work/salesforce/lwc-recipes/force-app/main/default/staticresources/chartJs/Chart.js","2","8093","28","no-prototype-builtins","Do not access Object.prototype method 'hasOwnProperty' from target object.","https://eslint.org/docs/rules/no-prototype-builtins","Possible Errors","eslint"
"178","/Users/praveenrajr/work/salesforce/lwc-recipes/force-app/main/default/staticresources/chartJs/Chart.js","2","8097","24","no-prototype-builtins","Do not access Object.prototype method 'hasOwnProperty' from target object.","https://eslint.org/docs/rules/no-prototype-builtins","Possible Errors","eslint"
"179","/Users/praveenrajr/work/salesforce/lwc-recipes/force-app/main/default/staticresources/chartJs/Chart.js","2","8101","19","no-prototype-builtins","Do not access Object.prototype method 'hasOwnProperty' from target object.","https://eslint.org/docs/rules/no-prototype-builtins","Possible Errors","eslint"
"180","/Users/praveenrajr/work/salesforce/lwc-recipes/force-app/main/default/staticresources/chartJs/Chart.js","2","10880","14","no-redeclare","'CanvasGradient' is already defined as a built-in global variable.","https://eslint.org/docs/rules/no-redeclare","Best Practices","eslint"
"181","/Users/praveenrajr/work/salesforce/lwc-recipes/force-app/main/default/staticresources/chartJs/Chart.js","2","10889","13","no-redeclare","'CanvasPattern' is already defined as a built-in global variable.","https://eslint.org/docs/rules/no-redeclare","Best Practices","eslint"
"182","/Users/praveenrajr/work/salesforce/lwc-recipes/force-app/main/default/staticresources/chartJs/Chart.js","2","16037","14","no-prototype-builtins","Do not access Object.prototype method 'hasOwnProperty' from target object.","https://eslint.org/docs/rules/no-prototype-builtins","Possible Errors","eslint"
"183","/Users/praveenrajr/work/salesforce/lwc-recipes/force-app/main/default/staticresources/chartJs/Chart.min.js","2","7","134","no-empty","Empty block statement.","https://eslint.org/docs/rules/no-empty","Possible Errors","eslint"
"184","/Users/praveenrajr/work/salesforce/lwc-recipes/force-app/main/default/staticresources/chartJs/Chart.min.js","2","7","168","no-undef","'define' is not defined.","https://eslint.org/docs/rules/no-undef","Variables","eslint"
"185","/Users/praveenrajr/work/salesforce/lwc-recipes/force-app/main/default/staticresources/chartJs/Chart.min.js","2","7","179","no-undef","'define' is not defined.","https://eslint.org/docs/rules/no-undef","Variables","eslint"
"186","/Users/praveenrajr/work/salesforce/lwc-recipes/force-app/main/default/staticresources/chartJs/Chart.min.js","2","7","262","no-empty","Empty block statement.","https://eslint.org/docs/rules/no-empty","Possible Errors","eslint"
"187","/Users/praveenrajr/work/salesforce/lwc-recipes/force-app/main/default/staticresources/chartJs/Chart.min.js","2","7","341","no-prototype-builtins","Do not access Object.prototype method 'hasOwnProperty' from target object.","https://eslint.org/docs/rules/no-prototype-builtins","Possible Errors","eslint"
"188","/Users/praveenrajr/work/salesforce/lwc-recipes/force-app/main/default/staticresources/chartJs/Chart.min.js","2","7","3882","no-prototype-builtins","Do not access Object.prototype method 'hasOwnProperty' from target object.","https://eslint.org/docs/rules/no-prototype-builtins","Possible Errors","eslint"
"189","/Users/praveenrajr/work/salesforce/lwc-recipes/force-app/main/default/staticresources/chartJs/Chart.min.js","2","7","4461","no-prototype-builtins","Do not access Object.prototype method 'hasOwnProperty' from target object.","https://eslint.org/docs/rules/no-prototype-builtins","Possible Errors","eslint"
"190","/Users/praveenrajr/work/salesforce/lwc-recipes/force-app/main/default/staticresources/chartJs/Chart.min.js","2","7","5853","no-prototype-builtins","Do not access Object.prototype method 'hasOwnProperty' from target object.","https://eslint.org/docs/rules/no-prototype-builtins","Possible Errors","eslint"
"191","/Users/praveenrajr/work/salesforce/lwc-recipes/force-app/main/default/staticresources/chartJs/Chart.min.js","2","7","17349","no-cond-assign","Expected a conditional expression and instead saw an assignment.","https://eslint.org/docs/rules/no-cond-assign","Possible Errors","eslint"
"192","/Users/praveenrajr/work/salesforce/lwc-recipes/force-app/main/default/staticresources/chartJs/Chart.min.js","2","7","17371","no-cond-assign","Expected a conditional expression and instead saw an assignment.","https://eslint.org/docs/rules/no-cond-assign","Possible Errors","eslint"
"193","/Users/praveenrajr/work/salesforce/lwc-recipes/force-app/main/default/staticresources/chartJs/Chart.min.js","2","7","18348","no-cond-assign","Expected a conditional expression and instead saw an assignment.","https://eslint.org/docs/rules/no-cond-assign","Possible Errors","eslint"
"194","/Users/praveenrajr/work/salesforce/lwc-recipes/force-app/main/default/staticresources/chartJs/Chart.min.js","2","7","18528","no-cond-assign","Expected a conditional expression and instead saw an assignment.","https://eslint.org/docs/rules/no-cond-assign","Possible Errors","eslint"
"195","/Users/praveenrajr/work/salesforce/lwc-recipes/force-app/main/default/staticresources/chartJs/Chart.min.js","2","7","18613","no-useless-escape","Unnecessary escape character: \..","https://eslint.org/docs/rules/no-useless-escape","Best Practices","eslint"
"196","/Users/praveenrajr/work/salesforce/lwc-recipes/force-app/main/default/staticresources/chartJs/Chart.min.js","2","7","18703","no-cond-assign","Expected a conditional expression and instead saw an assignment.","https://eslint.org/docs/rules/no-cond-assign","Possible Errors","eslint"
"197","/Users/praveenrajr/work/salesforce/lwc-recipes/force-app/main/default/staticresources/chartJs/Chart.min.js","2","7","18734","no-useless-escape","Unnecessary escape character: \..","https://eslint.org/docs/rules/no-useless-escape","Best Practices","eslint"
"198","/Users/praveenrajr/work/salesforce/lwc-recipes/force-app/main/default/staticresources/chartJs/Chart.min.js","2","7","18739","no-useless-escape","Unnecessary escape character: \%.","https://eslint.org/docs/rules/no-useless-escape","Best Practices","eslint"
"199","/Users/praveenrajr/work/salesforce/lwc-recipes/force-app/main/default/staticresources/chartJs/Chart.min.js","2","7","18757","no-useless-escape","Unnecessary escape character: \..","https://eslint.org/docs/rules/no-useless-escape","Best Practices","eslint"
"200","/Users/praveenrajr/work/salesforce/lwc-recipes/force-app/main/default/staticresources/chartJs/Chart.min.js","2","7","18762","no-useless-escape","Unnecessary escape character: \%.","https://eslint.org/docs/rules/no-useless-escape","Best Practices","eslint"
"201","/Users/praveenrajr/work/salesforce/lwc-recipes/force-app/main/default/staticresources/chartJs/Chart.min.js","2","7","18780","no-useless-escape","Unnecessary escape character: \..","https://eslint.org/docs/rules/no-useless-escape","Best Practices","eslint"
"202","/Users/praveenrajr/work/salesforce/lwc-recipes/force-app/main/default/staticresources/chartJs/Chart.min.js","2","7","18785","no-useless-escape","Unnecessary escape character: \%.","https://eslint.org/docs/rules/no-useless-escape","Best Practices","eslint"
"203","/Users/praveenrajr/work/salesforce/lwc-recipes/force-app/main/default/staticresources/chartJs/Chart.min.js","2","7","18806","no-useless-escape","Unnecessary escape character: \..","https://eslint.org/docs/rules/no-useless-escape","Best Practices","eslint"
"204","/Users/praveenrajr/work/salesforce/lwc-recipes/force-app/main/default/staticresources/chartJs/Chart.min.js","2","7","18915","no-cond-assign","Expected a conditional expression and instead saw an assignment.","https://eslint.org/docs/rules/no-cond-assign","Possible Errors","eslint"
"205","/Users/praveenrajr/work/salesforce/lwc-recipes/force-app/main/default/staticresources/chartJs/Chart.min.js","2","7","19157","no-useless-escape","Unnecessary escape character: \..","https://eslint.org/docs/rules/no-useless-escape","Best Practices","eslint"
"206","/Users/praveenrajr/work/salesforce/lwc-recipes/force-app/main/default/staticresources/chartJs/Chart.min.js","2","7","19179","no-useless-escape","Unnecessary escape character: \..","https://eslint.org/docs/rules/no-useless-escape","Best Practices","eslint"
"207","/Users/praveenrajr/work/salesforce/lwc-recipes/force-app/main/default/staticresources/chartJs/Chart.min.js","2","7","19204","no-useless-escape","Unnecessary escape character: \..","https://eslint.org/docs/rules/no-useless-escape","Best Practices","eslint"
"208","/Users/praveenrajr/work/salesforce/lwc-recipes/force-app/main/default/staticresources/chartJs/Chart.min.js","2","7","19432","no-useless-escape","Unnecessary escape character: \..","https://eslint.org/docs/rules/no-useless-escape","Best Practices","eslint"
"209","/Users/praveenrajr/work/salesforce/lwc-recipes/force-app/main/default/staticresources/chartJs/Chart.min.js","2","7","19454","no-useless-escape","Unnecessary escape character: \..","https://eslint.org/docs/rules/no-useless-escape","Best Practices","eslint"
"210","/Users/praveenrajr/work/salesforce/lwc-recipes/force-app/main/default/staticresources/chartJs/Chart.min.js","2","7","19479","no-useless-escape","Unnecessary escape character: \..","https://eslint.org/docs/rules/no-useless-escape","Best Practices","eslint"
"211","/Users/praveenrajr/work/salesforce/lwc-recipes/force-app/main/default/staticresources/chartJs/Chart.min.js","2","7","20324","no-cond-assign","Expected a conditional expression and instead saw an assignment.","https://eslint.org/docs/rules/no-cond-assign","Possible Errors","eslint"
"212","/Users/praveenrajr/work/salesforce/lwc-recipes/force-app/main/default/staticresources/chartJs/Chart.min.js","2","7","20365","no-cond-assign","Expected a conditional expression and instead saw an assignment.","https://eslint.org/docs/rules/no-cond-assign","Possible Errors","eslint"
"213","/Users/praveenrajr/work/salesforce/lwc-recipes/force-app/main/default/staticresources/chartJs/Chart.min.js","2","7","24956","no-prototype-builtins","Do not access Object.prototype method 'hasOwnProperty' from target object.","https://eslint.org/docs/rules/no-prototype-builtins","Possible Errors","eslint"
"214","/Users/praveenrajr/work/salesforce/lwc-recipes/force-app/main/default/staticresources/chartJs/Chart.min.js","2","7","27966","no-prototype-builtins","Do not access Object.prototype method 'hasOwnProperty' from target object.","https://eslint.org/docs/rules/no-prototype-builtins","Possible Errors","eslint"
"215","/Users/praveenrajr/work/salesforce/lwc-recipes/force-app/main/default/staticresources/chartJs/Chart.min.js","2","7","28456","no-prototype-builtins","Do not access Object.prototype method 'hasOwnProperty' from target object.","https://eslint.org/docs/rules/no-prototype-builtins","Possible Errors","eslint"
"216","/Users/praveenrajr/work/salesforce/lwc-recipes/force-app/main/default/staticresources/chartJs/Chart.min.js","2","7","32779","no-fallthrough","Expected a 'break' statement before 'case'.","https://eslint.org/docs/rules/no-fallthrough","Best Practices","eslint"
"217","/Users/praveenrajr/work/salesforce/lwc-recipes/force-app/main/default/staticresources/chartJs/Chart.min.js","2","7","32937","no-fallthrough","Expected a 'break' statement before 'case'.","https://eslint.org/docs/rules/no-fallthrough","Best Practices","eslint"
"218","/Users/praveenrajr/work/salesforce/lwc-recipes/force-app/main/default/staticresources/chartJs/Chart.min.js","2","7","36269","no-unused-vars","'t' is defined but never used.","https://eslint.org/docs/rules/no-unused-vars","Variables","eslint"
"219","/Users/praveenrajr/work/salesforce/lwc-recipes/force-app/main/default/staticresources/chartJs/Chart.min.js","2","7","36360","no-unused-vars","'e' is defined but never used.","https://eslint.org/docs/rules/no-unused-vars","Variables","eslint"
"220","/Users/praveenrajr/work/salesforce/lwc-recipes/force-app/main/default/staticresources/chartJs/Chart.min.js","2","7","37257","no-prototype-builtins","Do not access Object.prototype method 'hasOwnProperty' from target object.","https://eslint.org/docs/rules/no-prototype-builtins","Possible Errors","eslint"
"221","/Users/praveenrajr/work/salesforce/lwc-recipes/force-app/main/default/staticresources/chartJs/Chart.min.js","2","7","37316","no-prototype-builtins","Do not access Object.prototype method 'hasOwnProperty' from target object.","https://eslint.org/docs/rules/no-prototype-builtins","Possible Errors","eslint"
"222","/Users/praveenrajr/work/salesforce/lwc-recipes/force-app/main/default/staticresources/chartJs/Chart.min.js","2","7","81288","no-prototype-builtins","Do not access Object.prototype method 'hasOwnProperty' from target object.","https://eslint.org/docs/rules/no-prototype-builtins","Possible Errors","eslint"
"223","/Users/praveenrajr/work/salesforce/lwc-recipes/force-app/main/default/staticresources/chartJs/Chart.min.js","2","7","83743","getter-return","Expected to return a value in method 'get'.","https://eslint.org/docs/rules/getter-return","Possible Errors","eslint"
"224","/Users/praveenrajr/work/salesforce/lwc-recipes/force-app/main/default/staticresources/chartJs/Chart.min.js","2","7","83806","no-empty","Empty block statement.","https://eslint.org/docs/rules/no-empty","Possible Errors","eslint"
"225","/Users/praveenrajr/work/salesforce/lwc-recipes/force-app/main/default/staticresources/chartJs/Chart.min.js","2","7","86687","no-self-assign","'e.width' is assigned to itself.","https://eslint.org/docs/rules/no-self-assign","Best Practices","eslint"
"226","/Users/praveenrajr/work/salesforce/lwc-recipes/force-app/main/default/staticresources/chartJs/Chart.min.js","2","7","88722","no-prototype-builtins","Do not access Object.prototype method 'hasOwnProperty' from target object.","https://eslint.org/docs/rules/no-prototype-builtins","Possible Errors","eslint"
"227","/Users/praveenrajr/work/salesforce/lwc-recipes/force-app/main/default/staticresources/chartJs/Chart.min.js","2","7","88819","no-prototype-builtins","Do not access Object.prototype method 'hasOwnProperty' from target object.","https://eslint.org/docs/rules/no-prototype-builtins","Possible Errors","eslint"
"228","/Users/praveenrajr/work/salesforce/lwc-recipes/force-app/main/default/staticresources/chartJs/Chart.min.js","2","7","88928","no-prototype-builtins","Do not access Object.prototype method 'hasOwnProperty' from target object.","https://eslint.org/docs/rules/no-prototype-builtins","Possible Errors","eslint"
"229","/Users/praveenrajr/work/salesforce/lwc-recipes/force-app/main/default/staticresources/chartJs/Chart.min.js","2","7","154246","no-cond-assign","Expected a conditional expression and instead saw an assignment.","https://eslint.org/docs/rules/no-cond-assign","Possible Errors","eslint"
"230","/Users/praveenrajr/work/salesforce/lwc-recipes/force-app/main/default/staticresources/chartJs/Chart.min.js","2","7","172129","no-prototype-builtins","Do not access Object.prototype method 'hasOwnProperty' from target object.","https://eslint.org/docs/rules/no-prototype-builtins","Possible Errors","eslint"
"231","/Users/praveenrajr/work/salesforce/lwc-recipes/force-app/main/default/staticresources/d3/d3.v5.min.js","2","2","107","no-undef","'define' is not defined.","https://eslint.org/docs/rules/no-undef","Variables","eslint"
"232","/Users/praveenrajr/work/salesforce/lwc-recipes/force-app/main/default/staticresources/d3/d3.v5.min.js","2","2","118","no-undef","'define' is not defined.","https://eslint.org/docs/rules/no-undef","Variables","eslint"
"233","/Users/praveenrajr/work/salesforce/lwc-recipes/force-app/main/default/staticresources/d3/d3.v5.min.js","2","2","6165","no-prototype-builtins","Do not access Object.prototype method 'hasOwnProperty' from target object.","https://eslint.org/docs/rules/no-prototype-builtins","Possible Errors","eslint"
"234","/Users/praveenrajr/work/salesforce/lwc-recipes/force-app/main/default/staticresources/d3/d3.v5.min.js","2","2","6700","no-cond-assign","Expected a conditional expression and instead saw an assignment.","https://eslint.org/docs/rules/no-cond-assign","Possible Errors","eslint"
"235","/Users/praveenrajr/work/salesforce/lwc-recipes/force-app/main/default/staticresources/d3/d3.v5.min.js","2","2","7066","no-prototype-builtins","Do not access Object.prototype method 'hasOwnProperty' from target object.","https://eslint.org/docs/rules/no-prototype-builtins","Possible Errors","eslint"
"236","/Users/praveenrajr/work/salesforce/lwc-recipes/force-app/main/default/staticresources/d3/d3.v5.min.js","2","2","7215","no-prototype-builtins","Do not access Object.prototype method 'hasOwnProperty' from target object.","https://eslint.org/docs/rules/no-prototype-builtins","Possible Errors","eslint"
"237","/Users/praveenrajr/work/salesforce/lwc-recipes/force-app/main/default/staticresources/d3/d3.v5.min.js","2","2","7639","no-prototype-builtins","Do not access Object.prototype method 'hasOwnProperty' from target object.","https://eslint.org/docs/rules/no-prototype-builtins","Possible Errors","eslint"
"238","/Users/praveenrajr/work/salesforce/lwc-recipes/force-app/main/default/staticresources/d3/d3.v5.min.js","2","2","8781","no-cond-assign","Expected a conditional expression and instead saw an assignment.","https://eslint.org/docs/rules/no-cond-assign","Possible Errors","eslint"
"239","/Users/praveenrajr/work/salesforce/lwc-recipes/force-app/main/default/staticresources/d3/d3.v5.min.js","2","2","9046","no-cond-assign","Expected a conditional expression and instead saw an assignment.","https://eslint.org/docs/rules/no-cond-assign","Possible Errors","eslint"
"240","/Users/praveenrajr/work/salesforce/lwc-recipes/force-app/main/default/staticresources/d3/d3.v5.min.js","2","2","11250","no-prototype-builtins","Do not access Object.prototype method 'hasOwnProperty' from target object.","https://eslint.org/docs/rules/no-prototype-builtins","Possible Errors","eslint"
"241","/Users/praveenrajr/work/salesforce/lwc-recipes/force-app/main/default/staticresources/d3/d3.v5.min.js","2","2","13496","no-cond-assign","Expected a conditional expression and instead saw an assignment.","https://eslint.org/docs/rules/no-cond-assign","Possible Errors","eslint"
"242","/Users/praveenrajr/work/salesforce/lwc-recipes/force-app/main/default/staticresources/d3/d3.v5.min.js","2","2","18917","no-cond-assign","Expected a conditional expression and instead saw an assignment.","https://eslint.org/docs/rules/no-cond-assign","Possible Errors","eslint"
"243","/Users/praveenrajr/work/salesforce/lwc-recipes/force-app/main/default/staticresources/d3/d3.v5.min.js","2","2","24263","no-cond-assign","Expected a conditional expression and instead saw an assignment.","https://eslint.org/docs/rules/no-cond-assign","Possible Errors","eslint"
"244","/Users/praveenrajr/work/salesforce/lwc-recipes/force-app/main/default/staticresources/d3/d3.v5.min.js","2","2","24524","no-cond-assign","Expected a conditional expression and instead saw an assignment.","https://eslint.org/docs/rules/no-cond-assign","Possible Errors","eslint"
"245","/Users/praveenrajr/work/salesforce/lwc-recipes/force-app/main/default/staticresources/d3/d3.v5.min.js","2","2","24564","no-cond-assign","Expected a conditional expression and instead saw an assignment.","https://eslint.org/docs/rules/no-cond-assign","Possible Errors","eslint"
"246","/Users/praveenrajr/work/salesforce/lwc-recipes/force-app/main/default/staticresources/d3/d3.v5.min.js","2","2","24628","no-cond-assign","Expected a conditional expression and instead saw an assignment.","https://eslint.org/docs/rules/no-cond-assign","Possible Errors","eslint"
"247","/Users/praveenrajr/work/salesforce/lwc-recipes/force-app/main/default/staticresources/d3/d3.v5.min.js","2","2","24667","no-cond-assign","Expected a conditional expression and instead saw an assignment.","https://eslint.org/docs/rules/no-cond-assign","Possible Errors","eslint"
"248","/Users/praveenrajr/work/salesforce/lwc-recipes/force-app/main/default/staticresources/d3/d3.v5.min.js","2","2","24730","no-cond-assign","Expected a conditional expression and instead saw an assignment.","https://eslint.org/docs/rules/no-cond-assign","Possible Errors","eslint"
"249","/Users/praveenrajr/work/salesforce/lwc-recipes/force-app/main/default/staticresources/d3/d3.v5.min.js","2","2","24774","no-cond-assign","Expected a conditional expression and instead saw an assignment.","https://eslint.org/docs/rules/no-cond-assign","Possible Errors","eslint"
"250","/Users/praveenrajr/work/salesforce/lwc-recipes/force-app/main/default/staticresources/d3/d3.v5.min.js","2","2","24823","no-prototype-builtins","Do not access Object.prototype method 'hasOwnProperty' from target object.","https://eslint.org/docs/rules/no-prototype-builtins","Possible Errors","eslint"
"251","/Users/praveenrajr/work/salesforce/lwc-recipes/force-app/main/default/staticresources/d3/d3.v5.min.js","2","2","33807","no-cond-assign","Expected a conditional expression and instead saw an assignment.","https://eslint.org/docs/rules/no-cond-assign","Possible Errors","eslint"
"252","/Users/praveenrajr/work/salesforce/lwc-recipes/force-app/main/default/staticresources/d3/d3.v5.min.js","2","2","35863","no-cond-assign","Expected a conditional expression and instead saw an assignment.","https://eslint.org/docs/rules/no-cond-assign","Possible Errors","eslint"
"253","/Users/praveenrajr/work/salesforce/lwc-recipes/force-app/main/default/staticresources/d3/d3.v5.min.js","2","2","40866","no-cond-assign","Expected a conditional expression and instead saw an assignment.","https://eslint.org/docs/rules/no-cond-assign","Possible Errors","eslint"
"254","/Users/praveenrajr/work/salesforce/lwc-recipes/force-app/main/default/staticresources/d3/d3.v5.min.js","2","2","41838","no-cond-assign","Expected a conditional expression and instead saw an assignment.","https://eslint.org/docs/rules/no-cond-assign","Possible Errors","eslint"
"255","/Users/praveenrajr/work/salesforce/lwc-recipes/force-app/main/default/staticresources/d3/d3.v5.min.js","2","2","42773","no-cond-assign","Expected a conditional expression and instead saw an assignment.","https://eslint.org/docs/rules/no-cond-assign","Possible Errors","eslint"
"256","/Users/praveenrajr/work/salesforce/lwc-recipes/force-app/main/default/staticresources/d3/d3.v5.min.js","2","2","63187","no-cond-assign","Expected a conditional expression and instead saw an assignment.","https://eslint.org/docs/rules/no-cond-assign","Possible Errors","eslint"
"257","/Users/praveenrajr/work/salesforce/lwc-recipes/force-app/main/default/staticresources/d3/d3.v5.min.js","2","2","64708","no-cond-assign","Expected a conditional expression and instead saw an assignment.","https://eslint.org/docs/rules/no-cond-assign","Possible Errors","eslint"
"258","/Users/praveenrajr/work/salesforce/lwc-recipes/force-app/main/default/staticresources/d3/d3.v5.min.js","2","2","64717","no-cond-assign","Expected a conditional expression and instead saw an assignment.","https://eslint.org/docs/rules/no-cond-assign","Possible Errors","eslint"
"259","/Users/praveenrajr/work/salesforce/lwc-recipes/force-app/main/default/staticresources/d3/d3.v5.min.js","2","2","64914","no-cond-assign","Expected a conditional expression and instead saw an assignment.","https://eslint.org/docs/rules/no-cond-assign","Possible Errors","eslint"
"260","/Users/praveenrajr/work/salesforce/lwc-recipes/force-app/main/default/staticresources/d3/d3.v5.min.js","2","2","64923","no-cond-assign","Expected a conditional expression and instead saw an assignment.","https://eslint.org/docs/rules/no-cond-assign","Possible Errors","eslint"
"261","/Users/praveenrajr/work/salesforce/lwc-recipes/force-app/main/default/staticresources/d3/d3.v5.min.js","2","2","70083","no-cond-assign","Expected a conditional expression and instead saw an assignment.","https://eslint.org/docs/rules/no-cond-assign","Possible Errors","eslint"
"262","/Users/praveenrajr/work/salesforce/lwc-recipes/force-app/main/default/staticresources/d3/d3.v5.min.js","2","2","70110","no-cond-assign","Expected a conditional expression and instead saw an assignment.","https://eslint.org/docs/rules/no-cond-assign","Possible Errors","eslint"
"263","/Users/praveenrajr/work/salesforce/lwc-recipes/force-app/main/default/staticresources/d3/d3.v5.min.js","2","2","70325","no-cond-assign","Expected a conditional expression and instead saw an assignment.","https://eslint.org/docs/rules/no-cond-assign","Possible Errors","eslint"
"264","/Users/praveenrajr/work/salesforce/lwc-recipes/force-app/main/default/staticresources/d3/d3.v5.min.js","2","2","70352","no-cond-assign","Expected a conditional expression and instead saw an assignment.","https://eslint.org/docs/rules/no-cond-assign","Possible Errors","eslint"
"265","/Users/praveenrajr/work/salesforce/lwc-recipes/force-app/main/default/staticresources/d3/d3.v5.min.js","2","2","70822","no-cond-assign","Expected a conditional expression and instead saw an assignment.","https://eslint.org/docs/rules/no-cond-assign","Possible Errors","eslint"
"266","/Users/praveenrajr/work/salesforce/lwc-recipes/force-app/main/default/staticresources/d3/d3.v5.min.js","2","2","71319","no-cond-assign","Expected a conditional expression and instead saw an assignment.","https://eslint.org/docs/rules/no-cond-assign","Possible Errors","eslint"
"267","/Users/praveenrajr/work/salesforce/lwc-recipes/force-app/main/default/staticresources/d3/d3.v5.min.js","2","2","72485","no-cond-assign","Expected a conditional expression and instead saw an assignment.","https://eslint.org/docs/rules/no-cond-assign","Possible Errors","eslint"
"268","/Users/praveenrajr/work/salesforce/lwc-recipes/force-app/main/default/staticresources/d3/d3.v5.min.js","2","2","72849","no-cond-assign","Expected a conditional expression and instead saw an assignment.","https://eslint.org/docs/rules/no-cond-assign","Possible Errors","eslint"
"269","/Users/praveenrajr/work/salesforce/lwc-recipes/force-app/main/default/staticresources/d3/d3.v5.min.js","2","2","73522","no-cond-assign","Expected a conditional expression and instead saw an assignment.","https://eslint.org/docs/rules/no-cond-assign","Possible Errors","eslint"
"270","/Users/praveenrajr/work/salesforce/lwc-recipes/force-app/main/default/staticresources/d3/d3.v5.min.js","2","2","73549","no-cond-assign","Expected a conditional expression and instead saw an assignment.","https://eslint.org/docs/rules/no-cond-assign","Possible Errors","eslint"
"271","/Users/praveenrajr/work/salesforce/lwc-recipes/force-app/main/default/staticresources/d3/d3.v5.min.js","2","2","74135","no-cond-assign","Expected a conditional expression and instead saw an assignment.","https://eslint.org/docs/rules/no-cond-assign","Possible Errors","eslint"
"272","/Users/praveenrajr/work/salesforce/lwc-recipes/force-app/main/default/staticresources/d3/d3.v5.min.js","2","2","74266","no-cond-assign","Expected a conditional expression and instead saw an assignment.","https://eslint.org/docs/rules/no-cond-assign","Possible Errors","eslint"
"273","/Users/praveenrajr/work/salesforce/lwc-recipes/force-app/main/default/staticresources/d3/d3.v5.min.js","2","2","74634","no-cond-assign","Expected a conditional expression and instead saw an assignment.","https://eslint.org/docs/rules/no-cond-assign","Possible Errors","eslint"
"274","/Users/praveenrajr/work/salesforce/lwc-recipes/force-app/main/default/staticresources/d3/d3.v5.min.js","2","2","74885","no-cond-assign","Expected a conditional expression and instead saw an assignment.","https://eslint.org/docs/rules/no-cond-assign","Possible Errors","eslint"
"275","/Users/praveenrajr/work/salesforce/lwc-recipes/force-app/main/default/staticresources/d3/d3.v5.min.js","2","2","75301","no-cond-assign","Expected a conditional expression and instead saw an assignment.","https://eslint.org/docs/rules/no-cond-assign","Possible Errors","eslint"
"276","/Users/praveenrajr/work/salesforce/lwc-recipes/force-app/main/default/staticresources/d3/d3.v5.min.js","2","2","80712","no-prototype-builtins","Do not access Object.prototype method 'hasOwnProperty' from target object.","https://eslint.org/docs/rules/no-prototype-builtins","Possible Errors","eslint"
"277","/Users/praveenrajr/work/salesforce/lwc-recipes/force-app/main/default/staticresources/d3/d3.v5.min.js","2","2","81687","no-prototype-builtins","Do not access Object.prototype method 'hasOwnProperty' from target object.","https://eslint.org/docs/rules/no-prototype-builtins","Possible Errors","eslint"
"278","/Users/praveenrajr/work/salesforce/lwc-recipes/force-app/main/default/staticresources/d3/d3.v5.min.js","2","2","85484","no-cond-assign","Expected a conditional expression and instead saw an assignment.","https://eslint.org/docs/rules/no-cond-assign","Possible Errors","eslint"
"279","/Users/praveenrajr/work/salesforce/lwc-recipes/force-app/main/default/staticresources/d3/d3.v5.min.js","2","2","87570","no-cond-assign","Expected a conditional expression and instead saw an assignment.","https://eslint.org/docs/rules/no-cond-assign","Possible Errors","eslint"
"280","/Users/praveenrajr/work/salesforce/lwc-recipes/force-app/main/default/staticresources/d3/d3.v5.min.js","2","2","87896","no-cond-assign","Expected a conditional expression and instead saw an assignment.","https://eslint.org/docs/rules/no-cond-assign","Possible Errors","eslint"
"281","/Users/praveenrajr/work/salesforce/lwc-recipes/force-app/main/default/staticresources/d3/d3.v5.min.js","2","2","95345","no-prototype-builtins","Do not access Object.prototype method 'hasOwnProperty' from target object.","https://eslint.org/docs/rules/no-prototype-builtins","Possible Errors","eslint"
"282","/Users/praveenrajr/work/salesforce/lwc-recipes/force-app/main/default/staticresources/d3/d3.v5.min.js","2","2","108506","no-cond-assign","Expected a conditional expression and instead saw an assignment.","https://eslint.org/docs/rules/no-cond-assign","Possible Errors","eslint"
"283","/Users/praveenrajr/work/salesforce/lwc-recipes/force-app/main/default/staticresources/d3/d3.v5.min.js","2","2","109695","no-cond-assign","Expected a conditional expression and instead saw an assignment.","https://eslint.org/docs/rules/no-cond-assign","Possible Errors","eslint"
"284","/Users/praveenrajr/work/salesforce/lwc-recipes/force-app/main/default/staticresources/d3/d3.v5.min.js","2","2","109850","no-cond-assign","Expected a conditional expression and instead saw an assignment.","https://eslint.org/docs/rules/no-cond-assign","Possible Errors","eslint"
"285","/Users/praveenrajr/work/salesforce/lwc-recipes/force-app/main/default/staticresources/d3/d3.v5.min.js","2","2","109932","no-cond-assign","Expected a conditional expression and instead saw an assignment.","https://eslint.org/docs/rules/no-cond-assign","Possible Errors","eslint"
"286","/Users/praveenrajr/work/salesforce/lwc-recipes/force-app/main/default/staticresources/d3/d3.v5.min.js","2","2","110009","no-cond-assign","Expected a conditional expression and instead saw an assignment.","https://eslint.org/docs/rules/no-cond-assign","Possible Errors","eslint"
"287","/Users/praveenrajr/work/salesforce/lwc-recipes/force-app/main/default/staticresources/d3/d3.v5.min.js","2","2","110633","no-cond-assign","Expected a conditional expression and instead saw an assignment.","https://eslint.org/docs/rules/no-cond-assign","Possible Errors","eslint"
"288","/Users/praveenrajr/work/salesforce/lwc-recipes/force-app/main/default/staticresources/d3/d3.v5.min.js","2","2","114017","no-cond-assign","Expected a conditional expression and instead saw an assignment.","https://eslint.org/docs/rules/no-cond-assign","Possible Errors","eslint"
"289","/Users/praveenrajr/work/salesforce/lwc-recipes/force-app/main/default/staticresources/d3/d3.v5.min.js","2","2","119300","no-cond-assign","Expected a conditional expression and instead saw an assignment.","https://eslint.org/docs/rules/no-cond-assign","Possible Errors","eslint"
"290","/Users/praveenrajr/work/salesforce/lwc-recipes/force-app/main/default/staticresources/d3/d3.v5.min.js","2","2","138602","no-cond-assign","Expected a conditional expression and instead saw an assignment.","https://eslint.org/docs/rules/no-cond-assign","Possible Errors","eslint"
"291","/Users/praveenrajr/work/salesforce/lwc-recipes/force-app/main/default/staticresources/d3/d3.v5.min.js","2","2","138739","no-cond-assign","Expected a conditional expression and instead saw an assignment.","https://eslint.org/docs/rules/no-cond-assign","Possible Errors","eslint"
"292","/Users/praveenrajr/work/salesforce/lwc-recipes/force-app/main/default/staticresources/d3/d3.v5.min.js","2","2","158240","no-cond-assign","Expected a conditional expression and instead saw an assignment.","https://eslint.org/docs/rules/no-cond-assign","Possible Errors","eslint"
"293","/Users/praveenrajr/work/salesforce/lwc-recipes/force-app/main/default/staticresources/d3/d3.v5.min.js","2","2","158958","no-cond-assign","Expected a conditional expression and instead saw an assignment.","https://eslint.org/docs/rules/no-cond-assign","Possible Errors","eslint"
"294","/Users/praveenrajr/work/salesforce/lwc-recipes/force-app/main/default/staticresources/d3/d3.v5.min.js","2","2","160622","no-fallthrough","Expected a 'break' statement before 'default'.","https://eslint.org/docs/rules/no-fallthrough","Best Practices","eslint"
"295","/Users/praveenrajr/work/salesforce/lwc-recipes/force-app/main/default/staticresources/d3/d3.v5.min.js","2","2","164807","no-fallthrough","Expected a 'break' statement before 'case'.","https://eslint.org/docs/rules/no-fallthrough","Best Practices","eslint"
"296","/Users/praveenrajr/work/salesforce/lwc-recipes/force-app/main/default/staticresources/d3/d3.v5.min.js","2","2","165210","no-fallthrough","Expected a 'break' statement before 'default'.","https://eslint.org/docs/rules/no-fallthrough","Best Practices","eslint"
"297","/Users/praveenrajr/work/salesforce/lwc-recipes/force-app/main/default/staticresources/d3/d3.v5.min.js","2","2","166759","no-fallthrough","Expected a 'break' statement before 'default'.","https://eslint.org/docs/rules/no-fallthrough","Best Practices","eslint"
"298","/Users/praveenrajr/work/salesforce/lwc-recipes/force-app/main/default/staticresources/d3/d3.v5.min.js","2","2","168171","no-fallthrough","Expected a 'break' statement before 'default'.","https://eslint.org/docs/rules/no-fallthrough","Best Practices","eslint"
"299","/Users/praveenrajr/work/salesforce/lwc-recipes/force-app/main/default/staticresources/d3/d3.v5.min.js","2","2","169948","no-fallthrough","Expected a 'break' statement before 'default'.","https://eslint.org/docs/rules/no-fallthrough","Best Practices","eslint"
"300","/Users/praveenrajr/work/salesforce/lwc-recipes/force-app/main/default/staticresources/d3/d3.v5.min.js","2","2","171450","no-fallthrough","Expected a 'break' statement before 'default'.","https://eslint.org/docs/rules/no-fallthrough","Best Practices","eslint"
"301","/Users/praveenrajr/work/salesforce/lwc-recipes/force-app/main/default/staticresources/d3/d3.v5.min.js","2","2","173823","no-fallthrough","Expected a 'break' statement before 'default'.","https://eslint.org/docs/rules/no-fallthrough","Best Practices","eslint"
"302","/Users/praveenrajr/work/salesforce/lwc-recipes/force-app/main/default/staticresources/d3/d3.v5.min.js","2","2","180368","no-fallthrough","Expected a 'break' statement before 'default'.","https://eslint.org/docs/rules/no-fallthrough","Best Practices","eslint"
"303","/Users/praveenrajr/work/salesforce/lwc-recipes/force-app/main/default/staticresources/d3/d3.v5.min.js","2","2","184934","no-cond-assign","Expected a conditional expression and instead saw an assignment.","https://eslint.org/docs/rules/no-cond-assign","Possible Errors","eslint"
"304","/Users/praveenrajr/work/salesforce/lwc-recipes/force-app/main/default/staticresources/d3/d3.v5.min.js","2","2","186191","no-cond-assign","Expected a conditional expression and instead saw an assignment.","https://eslint.org/docs/rules/no-cond-assign","Possible Errors","eslint"
"305","/Users/praveenrajr/work/salesforce/lwc-recipes/force-app/main/default/staticresources/d3/d3.v5.min.js","2","2","192969","no-cond-assign","Expected a conditional expression and instead saw an assignment.","https://eslint.org/docs/rules/no-cond-assign","Possible Errors","eslint"
"306","/Users/praveenrajr/work/salesforce/lwc-recipes/force-app/main/default/staticresources/d3/d3.v5.min.js","2","2","193929","no-cond-assign","Expected a conditional expression and instead saw an assignment.","https://eslint.org/docs/rules/no-cond-assign","Possible Errors","eslint"
"307","/Users/praveenrajr/work/salesforce/lwc-recipes/force-app/main/default/staticresources/d3/d3.v5.min.js","2","2","193987","no-cond-assign","Expected a conditional expression and instead saw an assignment.","https://eslint.org/docs/rules/no-cond-assign","Possible Errors","eslint"
"308","/Users/praveenrajr/work/salesforce/lwc-recipes/force-app/main/default/staticresources/d3/d3.v5.min.js","2","2","199014","no-fallthrough","Expected a 'break' statement before 'case'.","https://eslint.org/docs/rules/no-fallthrough","Best Practices","eslint"
"309","/Users/praveenrajr/work/salesforce/lwc-recipes/force-app/main/default/staticresources/d3/d3.v5.min.js","2","2","204133","no-cond-assign","Expected a conditional expression and instead saw an assignment.","https://eslint.org/docs/rules/no-cond-assign","Possible Errors","eslint"
"310","/Users/praveenrajr/work/salesforce/lwc-recipes/force-app/main/default/staticresources/d3/d3.v5.min.js","2","2","204553","no-cond-assign","Expected a conditional expression and instead saw an assignment.","https://eslint.org/docs/rules/no-cond-assign","Possible Errors","eslint"
"311","/Users/praveenrajr/work/salesforce/lwc-recipes/force-app/main/default/staticresources/d3/d3.v5.min.js","2","2","212154","no-prototype-builtins","Do not access Object.prototype method 'hasOwnProperty' from target object.","https://eslint.org/docs/rules/no-prototype-builtins","Possible Errors","eslint"
"312","/Users/praveenrajr/work/salesforce/lwc-recipes/force-app/main/default/staticresources/d3/d3.v5.min.js","2","2","220675","no-cond-assign","Expected a conditional expression and instead saw an assignment.","https://eslint.org/docs/rules/no-cond-assign","Possible Errors","eslint"
"313","/Users/praveenrajr/work/salesforce/lwc-recipes/force-app/main/default/staticresources/d3/d3.v5.min.js","2","2","230809","no-cond-assign","Expected a conditional expression and instead saw an assignment.","https://eslint.org/docs/rules/no-cond-assign","Possible Errors","eslint"
"314","/Users/praveenrajr/work/salesforce/lwc-recipes/force-app/main/default/staticresources/d3/d3.v5.min.js","2","2","236536","no-cond-assign","Expected a conditional expression and instead saw an assignment.","https://eslint.org/docs/rules/no-cond-assign","Possible Errors","eslint"
"315","/Users/praveenrajr/work/salesforce/lwc-recipes/force-app/main/default/staticresources/d3/d3.v5.min.js","2","2","236550","no-cond-assign","Expected a conditional expression and instead saw an assignment.","https://eslint.org/docs/rules/no-cond-assign","Possible Errors","eslint"
"316","/Users/praveenrajr/work/salesforce/lwc-recipes/force-app/main/default/staticresources/sampleExternalResource/sampleJavascript.js","2","1","10","no-unused-vars","'manipulateDomFromLibrary' is defined but never used.","https://eslint.org/docs/rules/no-unused-vars","Variables","eslint"
